insert into Countries(Id, Code1, Code2, [Name], Protected, Deleted) values ('A164359A-585C-4EB2-A25A-205975A3AD30', 'NGA', 'NGA', 'Nigeria', 1, 0)

insert into States(Id, Code, [Name], CountryId, Protected, Deleted) values ('35881A6A-2047-4DF2-80C6-97A62A3F545B', 'ABI', 'Abia', 'A164359A-585C-4EB2-A25A-205975A3AD30', 1, 0)
		insert into Areas(Id, Code, [Name], StateId, Protected, Deleted) values ('92520E46-8516-4917-AE1A-8561CF9B9FCC', 'ABS', 'Aba South', '35881A6A-2047-4DF2-80C6-97A62A3F545B', 1, 0)
		insert into Areas(Id, Code, [Name], StateId, Protected, Deleted) values ('2413CC85-F5CA-4E50-8E82-B866ED5D3BAA', 'ARO', 'Arochukwu', '35881A6A-2047-4DF2-80C6-97A62A3F545B', 1, 0)
		insert into Areas(Id, Code, [Name], StateId, Protected, Deleted) values ('46D4E709-8670-47D1-B18D-92F5444A144C', 'BEN', 'Bende', '35881A6A-2047-4DF2-80C6-97A62A3F545B', 1, 0)
		insert into Areas(Id, Code, [Name], StateId, Protected, Deleted) values ('46A3586D-1633-4869-BA29-DA4169E0EE5C', 'IKW', 'Ikwuano', '35881A6A-2047-4DF2-80C6-97A62A3F545B', 1, 0)
		insert into Areas(Id, Code, [Name], StateId, Protected, Deleted) values ('D8EC0344-C08F-4D17-B343-380ADA6171BB', 'INN', 'Isiala Ngwa North', '35881A6A-2047-4DF2-80C6-97A62A3F545B', 1, 0)
		insert into Areas(Id, Code, [Name], StateId, Protected, Deleted) values ('4C14050F-39C0-45C3-821F-C7EB3E66A8AF', 'INS', 'Isiala Ngwa South', '35881A6A-2047-4DF2-80C6-97A62A3F545B', 1, 0)
		insert into Areas(Id, Code, [Name], StateId, Protected, Deleted) values ('CF10DA3B-4057-481E-AADC-1C30EAEED238', 'ISU', 'Isuikwuato', '35881A6A-2047-4DF2-80C6-97A62A3F545B', 1, 0)
		insert into Areas(Id, Code, [Name], StateId, Protected, Deleted) values ('B996F314-3334-4BC4-8B5C-666FEDB581FD', 'OBI', 'Obi Ngwa', '35881A6A-2047-4DF2-80C6-97A62A3F545B', 1, 0)
		insert into Areas(Id, Code, [Name], StateId, Protected, Deleted) values ('7FA0EBBB-EACE-47D5-BA97-6F73C8DAB20B', 'OHA', 'Ohafia', '35881A6A-2047-4DF2-80C6-97A62A3F545B', 1, 0)
		insert into Areas(Id, Code, [Name], StateId, Protected, Deleted) values ('66F75FBB-9717-4C69-84CF-0DEF1092B51C', 'OSI', 'Osisioma', '35881A6A-2047-4DF2-80C6-97A62A3F545B', 1, 0)
		insert into Areas(Id, Code, [Name], StateId, Protected, Deleted) values ('B8F0C833-A9F7-47E5-AE0F-D4D0B3590C64', 'UKE', 'Ukwa East', '35881A6A-2047-4DF2-80C6-97A62A3F545B', 1, 0)
		insert into Areas(Id, Code, [Name], StateId, Protected, Deleted) values ('7B8F31D6-25BD-4CD7-8A32-37C4B501F5E3', 'UKW', 'Ukwa West', '35881A6A-2047-4DF2-80C6-97A62A3F545B', 1, 0)
		insert into Areas(Id, Code, [Name], StateId, Protected, Deleted) values ('D677998A-FA4C-4D67-8419-9CA3E86B2296', 'UMN', 'Umuahia North', '35881A6A-2047-4DF2-80C6-97A62A3F545B', 1, 0)
		insert into Areas(Id, Code, [Name], StateId, Protected, Deleted) values ('76701A72-F6F7-4EB0-B479-69F9334358F5', 'UMS', 'Umuahia South', '35881A6A-2047-4DF2-80C6-97A62A3F545B', 1, 0)
		insert into Areas(Id, Code, [Name], StateId, Protected, Deleted) values ('61FEEF70-23C5-4A29-A245-D06223DE5715', 'UMU', 'Umu Nneochi', '35881A6A-2047-4DF2-80C6-97A62A3F545B', 1, 0)


insert into States(Id, Code, [Name], CountryId, Protected, Deleted) values ('ACB46224-A719-4B54-9145-5CD8097A9A95', 'ADA', 'Adamawa', 'A164359A-585C-4EB2-A25A-205975A3AD30', 1, 0)
		insert into Areas(Id, Code, [Name], StateId, Protected, Deleted) values ('587D96D9-EC98-47B9-BDF6-00B478188D03', 'FUF', 'Fufure', 'ACB46224-A719-4B54-9145-5CD8097A9A95', 1, 0)
		insert into Areas(Id, Code, [Name], StateId, Protected, Deleted) values ('A819F0D4-26D5-4046-9B81-4E6D97532705', 'GAN', 'Ganye', 'ACB46224-A719-4B54-9145-5CD8097A9A95', 1, 0)
		insert into Areas(Id, Code, [Name], StateId, Protected, Deleted) values ('D37698AD-53AC-4A1D-9D72-8E8C8029FEC3', 'GAY', 'Gayuk', 'ACB46224-A719-4B54-9145-5CD8097A9A95', 1, 0)
		insert into Areas(Id, Code, [Name], StateId, Protected, Deleted) values ('51AEB060-801F-4313-A2CC-3C985268B5F9', 'GOM', 'Gombi', 'ACB46224-A719-4B54-9145-5CD8097A9A95', 1, 0)
		insert into Areas(Id, Code, [Name], StateId, Protected, Deleted) values ('492F0E91-E17B-4477-AFE3-A4A8B6AACDB8', 'GRI', 'Grie', 'ACB46224-A719-4B54-9145-5CD8097A9A95', 1, 0)
		insert into Areas(Id, Code, [Name], StateId, Protected, Deleted) values ('2E328C07-19D9-4818-A944-D037A7CC5D67', 'HON', 'Hong', 'ACB46224-A719-4B54-9145-5CD8097A9A95', 1, 0)
		insert into Areas(Id, Code, [Name], StateId, Protected, Deleted) values ('F44E1311-AD1F-4950-9F34-D8B67FC89AD2', 'JAD', 'Jada', 'ACB46224-A719-4B54-9145-5CD8097A9A95', 1, 0)
		insert into Areas(Id, Code, [Name], StateId, Protected, Deleted) values ('22EF4397-560C-4DCB-B37A-A39C1D1B6923', 'LAM', 'Lamurde', 'ACB46224-A719-4B54-9145-5CD8097A9A95', 1, 0)
		insert into Areas(Id, Code, [Name], StateId, Protected, Deleted) values ('201D24D3-49A1-477B-BD66-E9BC485CBF9E', 'MAD', 'Madagali', 'ACB46224-A719-4B54-9145-5CD8097A9A95', 1, 0)
		insert into Areas(Id, Code, [Name], StateId, Protected, Deleted) values ('23718E41-C752-444C-A364-F9B4B11ED23E', 'MAI', 'Maiha', 'ACB46224-A719-4B54-9145-5CD8097A9A95', 1, 0)
		insert into Areas(Id, Code, [Name], StateId, Protected, Deleted) values ('639AD09B-552E-4547-B67C-B8E269347209', 'MAY', 'Mayo Belwa', 'ACB46224-A719-4B54-9145-5CD8097A9A95', 1, 0)
		insert into Areas(Id, Code, [Name], StateId, Protected, Deleted) values ('B738D9C3-538F-4F2A-B7AF-CBA53FBB3B60', 'MIC', 'Michika', 'ACB46224-A719-4B54-9145-5CD8097A9A95', 1, 0)
		insert into Areas(Id, Code, [Name], StateId, Protected, Deleted) values ('5392A308-F7F9-4FA9-A578-5A8135AD6A47', 'MUB', 'Mubi North', 'ACB46224-A719-4B54-9145-5CD8097A9A95', 1, 0)
		insert into Areas(Id, Code, [Name], StateId, Protected, Deleted) values ('F64D4347-116A-4274-A2F7-1191E4994C7D', 'MUS', 'Mubi South', 'ACB46224-A719-4B54-9145-5CD8097A9A95', 1, 0)
		insert into Areas(Id, Code, [Name], StateId, Protected, Deleted) values ('B429145A-4A53-400E-95B1-79C8D7CA164B', 'NUM', 'Numan', 'ACB46224-A719-4B54-9145-5CD8097A9A95', 1, 0)
		insert into Areas(Id, Code, [Name], StateId, Protected, Deleted) values ('D5EBE51A-1E34-4BE3-89A5-89257790D0CE', 'SHE', 'Shelleng', 'ACB46224-A719-4B54-9145-5CD8097A9A95', 1, 0)
		insert into Areas(Id, Code, [Name], StateId, Protected, Deleted) values ('897B1E69-EF13-4609-9BE6-A5C7791C07D3', 'SON', 'Song', 'ACB46224-A719-4B54-9145-5CD8097A9A95', 1, 0)
		insert into Areas(Id, Code, [Name], StateId, Protected, Deleted) values ('2FCCD23B-D913-47AB-B21C-E0B95C104FDA', 'TOU', 'Toungo', 'ACB46224-A719-4B54-9145-5CD8097A9A95', 1, 0)
		insert into Areas(Id, Code, [Name], StateId, Protected, Deleted) values ('ED3E282A-E0E8-44FF-A406-201BBAC75B3D', 'YON', 'Yola North', 'ACB46224-A719-4B54-9145-5CD8097A9A95', 1, 0)
		insert into Areas(Id, Code, [Name], StateId, Protected, Deleted) values ('1FDB5DFA-7A8F-48A5-9702-F54B6BA7510E', 'YOS', 'Yola South', 'ACB46224-A719-4B54-9145-5CD8097A9A95', 1, 0)


insert into States(Id, Code, [Name], CountryId, Protected, Deleted) values ('7412E075-BE9B-4586-B301-3E76A7B051A5', 'AKW', 'Akwa Ibom', 'A164359A-585C-4EB2-A25A-205975A3AD30', 1, 0)
		insert into Areas(Id, Code, [Name], StateId, Protected, Deleted) values ('011E1C16-2C78-4642-90CB-7F6E58353B6C', 'EAS', 'Eastern Obolo', '7412E075-BE9B-4586-B301-3E76A7B051A5', 1, 0)
		insert into Areas(Id, Code, [Name], StateId, Protected, Deleted) values ('60EB6673-FE1A-435A-94A6-540D134D1CDF', 'EKE', 'Eket', '7412E075-BE9B-4586-B301-3E76A7B051A5', 1, 0)
		insert into Areas(Id, Code, [Name], StateId, Protected, Deleted) values ('435DEB9A-9A75-43D9-AC1C-55D22C79900F', 'ESI', 'Esit Eket', '7412E075-BE9B-4586-B301-3E76A7B051A5', 1, 0)
		insert into Areas(Id, Code, [Name], StateId, Protected, Deleted) values ('FEBBC1F0-94AD-4A1E-A9DE-0930FF42B8A2', 'ESS', 'Essien Udim', '7412E075-BE9B-4586-B301-3E76A7B051A5', 1, 0)
		insert into Areas(Id, Code, [Name], StateId, Protected, Deleted) values ('8C05CCDA-036F-4D50-BE88-ADFCDD242942', 'ETI', 'Etim Ekpo', '7412E075-BE9B-4586-B301-3E76A7B051A5', 1, 0)
		insert into Areas(Id, Code, [Name], StateId, Protected, Deleted) values ('EDBD16E8-DF15-4AF6-A7A7-18C29003D331', 'ETN', 'Etinan', '7412E075-BE9B-4586-B301-3E76A7B051A5', 1, 0)
		insert into Areas(Id, Code, [Name], StateId, Protected, Deleted) values ('01338DB9-8AFC-4438-81F5-7A122D6C8070', 'IBE', 'Ibeno', '7412E075-BE9B-4586-B301-3E76A7B051A5', 1, 0)
		insert into Areas(Id, Code, [Name], StateId, Protected, Deleted) values ('FF1161DE-3F38-4F0D-9591-E62786947D53', 'IBS', 'Ibesikpo Asutan', '7412E075-BE9B-4586-B301-3E76A7B051A5', 1, 0)
		insert into Areas(Id, Code, [Name], StateId, Protected, Deleted) values ('81EF0ABF-84FB-444E-ACD1-C438DCF83F4F', 'IBO', 'Ibiono-Ibom', '7412E075-BE9B-4586-B301-3E76A7B051A5', 1, 0)
		insert into Areas(Id, Code, [Name], StateId, Protected, Deleted) values ('67D3A008-FD64-4602-8E5A-498317A29243', 'IKA', 'Ika', '7412E075-BE9B-4586-B301-3E76A7B051A5', 1, 0)
		insert into Areas(Id, Code, [Name], StateId, Protected, Deleted) values ('ABF2D0BD-8B71-4818-838F-4C6C9CFCFE74', 'IKO', 'Ikono', '7412E075-BE9B-4586-B301-3E76A7B051A5', 1, 0)
		insert into Areas(Id, Code, [Name], StateId, Protected, Deleted) values ('2E573999-61CB-4909-BD3A-228F252F50CC', 'IKB', 'Ikot Abasi', '7412E075-BE9B-4586-B301-3E76A7B051A5', 1, 0)
		insert into Areas(Id, Code, [Name], StateId, Protected, Deleted) values ('844D514D-A50F-4524-95D9-C8B2465D6830', 'IKE', 'Ikot Ekpene', '7412E075-BE9B-4586-B301-3E76A7B051A5', 1, 0)
		insert into Areas(Id, Code, [Name], StateId, Protected, Deleted) values ('5780EB97-AE17-453D-8ED2-D67D5239E9A8', 'INI', 'Ini', '7412E075-BE9B-4586-B301-3E76A7B051A5', 1, 0)
		insert into Areas(Id, Code, [Name], StateId, Protected, Deleted) values ('BFB53377-506E-4136-8B31-2E155BB65191', 'MBO', 'Mbo', '7412E075-BE9B-4586-B301-3E76A7B051A5', 1, 0)
		insert into Areas(Id, Code, [Name], StateId, Protected, Deleted) values ('AE656BCC-4136-4678-A9DA-88BDD885D730', 'MKP', 'Mkpat-Enin', '7412E075-BE9B-4586-B301-3E76A7B051A5', 1, 0)
		insert into Areas(Id, Code, [Name], StateId, Protected, Deleted) values ('6E639602-AB1D-4931-9876-549657B53E93', 'NSA', 'Nsit-Atai', '7412E075-BE9B-4586-B301-3E76A7B051A5', 1, 0)
		insert into Areas(Id, Code, [Name], StateId, Protected, Deleted) values ('7E5BEE1A-D43A-49FE-8DC6-C0AEFA333B7B', 'NSI', 'Nsit-Ibom', '7412E075-BE9B-4586-B301-3E76A7B051A5', 1, 0)
		insert into Areas(Id, Code, [Name], StateId, Protected, Deleted) values ('75556A75-BC7F-44F4-8D98-D7E2A903A4F9', 'NSU', 'Nsit-Ubium', '7412E075-BE9B-4586-B301-3E76A7B051A5', 1, 0)
		insert into Areas(Id, Code, [Name], StateId, Protected, Deleted) values ('5C89A917-25EE-4E17-A027-C33F5B05D484', 'OBO', 'Obot Akara', '7412E075-BE9B-4586-B301-3E76A7B051A5', 1, 0)
		insert into Areas(Id, Code, [Name], StateId, Protected, Deleted) values ('16AB2CE2-4AC5-4E30-A981-BDC662C4C75F', 'OKO', 'Okobo', '7412E075-BE9B-4586-B301-3E76A7B051A5', 1, 0)
		insert into Areas(Id, Code, [Name], StateId, Protected, Deleted) values ('4E1E1DE9-54C9-47C2-A198-491791575641', 'ONN', 'Onna', '7412E075-BE9B-4586-B301-3E76A7B051A5', 1, 0)
		insert into Areas(Id, Code, [Name], StateId, Protected, Deleted) values ('A1C48684-C4F2-4B05-A7F4-8A4498AB6D99', 'ORO', 'Oron', '7412E075-BE9B-4586-B301-3E76A7B051A5', 1, 0)
		insert into Areas(Id, Code, [Name], StateId, Protected, Deleted) values ('85DBB879-5893-421F-8973-6C7A329AB402', 'ORU', 'Oruk Anam', '7412E075-BE9B-4586-B301-3E76A7B051A5', 1, 0)
		insert into Areas(Id, Code, [Name], StateId, Protected, Deleted) values ('2FFA795A-784D-4E7C-A0EA-E1D0BC9862FC', 'UDU', 'Udung-Uko', '7412E075-BE9B-4586-B301-3E76A7B051A5', 1, 0)
		insert into Areas(Id, Code, [Name], StateId, Protected, Deleted) values ('A9672202-2C13-476A-ABA3-615F454C7873', 'UKA', 'Ukanafun', '7412E075-BE9B-4586-B301-3E76A7B051A5', 1, 0)
		insert into Areas(Id, Code, [Name], StateId, Protected, Deleted) values ('1847F7F2-713A-4945-9B47-BF4FD2DAFC72', 'URU', 'Uruan', '7412E075-BE9B-4586-B301-3E76A7B051A5', 1, 0)
		insert into Areas(Id, Code, [Name], StateId, Protected, Deleted) values ('BDFE3B7E-3EB4-427D-8BD6-DCC0C8D473E2', 'URO', 'Urue-Offong/Oruko', '7412E075-BE9B-4586-B301-3E76A7B051A5', 1, 0)
		insert into Areas(Id, Code, [Name], StateId, Protected, Deleted) values ('8F1CD849-3747-400E-80BD-C37C3D1A07EE', 'UYO', 'Uyo', '7412E075-BE9B-4586-B301-3E76A7B051A5', 1, 0)

insert into States(Id, Code, [Name], CountryId, Protected, Deleted) values ('910BFD00-024E-438E-88F3-221348D56250', 'LAG', 'Lagos', 'A164359A-585C-4EB2-A25A-205975A3AD30', 1, 0)
	insert into Cities(Id, Code, [Name], StateId, Protected, Deleted) values ('078D0FBF-B3EC-42E1-AA9D-C2DE808E9F85', 'LAC', 'Lagos', '910BFD00-024E-438E-88F3-221348D56250', 1, 0)

insert into IncidenceStatuses(Id, [Name], [Description], Protected, Deleted) values ('33a33655-4eea-44f8-b89c-132c37ec8cd2', 'New', 'New', 1, 0)
insert into IncidenceStatuses(Id, [Name], [Description], Protected, Deleted) values ('a64769a0-ce38-4414-afdb-c6bfac9056a1', 'Open', 'Open', 1, 0)
insert into IncidenceStatuses(Id, [Name], [Description], Protected, Deleted) values ('0839bc87-7d23-431d-86c4-3ca1e4f190ef', 'Closed', 'Closed', 1, 0)
insert into IncidenceStatuses(Id, [Name], [Description], Protected, Deleted) values ('f59fe8e6-646a-4b04-7fbc-08d702eeea0d', 'Re-Opened', 'Re-Opened', 1, 0)
insert into IncidenceStatuses(Id, [Name], [Description], Protected, Deleted) values ('53986162-1dae-45f7-8771-08d702ea4b5c', 'Under Review', 'Under Review', 1, 0)
insert into IncidenceStatuses(Id, [Name], [Description], Protected, Deleted) values ('A12FAFB4-FA09-4188-8A54-10551FBE05C0', 'Resolved', 'Resolved', 1, 0)